<?xml version="1.0" encoding="UTF-8" standalone="yes"?>
<Properties xmlns="http://schemas.openxmlformats.org/officeDocument/2006/extended-properties" xmlns:vt="http://schemas.openxmlformats.org/officeDocument/2006/docPropsVTypes"><Template>TS102835057.dotx</Template><TotalTime>8</TotalTime><Pages>1</Pages><Words>98</Words><Characters>495</Characters><Application>Microsoft Office Word</Application><DocSecurity>0</DocSecurity><Lines>4</Lines><Paragraphs>1</Paragraphs><ScaleCrop>false</ScaleCrop><HeadingPairs><vt:vector size="4" baseType="variant"><vt:variant><vt:lpstr>שם</vt:lpstr></vt:variant><vt:variant><vt:i4>1</vt:i4></vt:variant><vt:variant><vt:lpstr>Title</vt:lpstr></vt:variant><vt:variant><vt:i4>1</vt:i4></vt:variant></vt:vector></HeadingPairs><TitlesOfParts><vt:vector size="2" baseType="lpstr"><vt:lpstr></vt:lpstr><vt:lpstr></vt:lpstr></vt:vector></TitlesOfParts><Company></Company><LinksUpToDate>false</LinksUpToDate><CharactersWithSpaces>592</CharactersWithSpaces><SharedDoc>false</SharedDoc><HyperlinksChanged>false</HyperlinksChanged><AppVersion>15.0000</AppVersion></Properties>