<?xml version="1.0" encoding="UTF-8" standalone="yes"?>
<cp:coreProperties xmlns:cp="http://schemas.openxmlformats.org/package/2006/metadata/core-properties" xmlns:dc="http://purl.org/dc/elements/1.1/" xmlns:dcterms="http://purl.org/dc/terms/" xmlns:dcmitype="http://purl.org/dc/dcmitype/" xmlns:xsi="http://www.w3.org/2001/XMLSchema-instance"><dc:creator>Noam</dc:creator><cp:keywords></cp:keywords><cp:lastModifiedBy>Noam</cp:lastModifiedBy><cp:revision>1</cp:revision><dcterms:created xsi:type="dcterms:W3CDTF">2013-06-29T16:51:00Z</dcterms:created><dcterms:modified xsi:type="dcterms:W3CDTF">2013-06-29T16:59:00Z</dcterms:modified><cp:version></cp:version></cp:coreProperties>