<?xml version="1.0" encoding="UTF-8" standalone="yes"?>
<w:ftr xmlns:wpc="http://schemas.microsoft.com/office/word/2010/wordprocessingCanvas" xmlns:mc="http://schemas.openxmlformats.org/markup-compatibility/2006" xmlns:o="urn:schemas-microsoft-com:office:office" xmlns:r="http://schemas.openxmlformats.org/officeDocument/2006/relationships" xmlns:m="http://schemas.openxmlformats.org/officeDocument/2006/math" xmlns:v="urn:schemas-microsoft-com:vml" xmlns:wp14="http://schemas.microsoft.com/office/word/2010/wordprocessingDrawing" xmlns:wp="http://schemas.openxmlformats.org/drawingml/2006/wordprocessingDrawing" xmlns:w10="urn:schemas-microsoft-com:office:word" xmlns:w="http://schemas.openxmlformats.org/wordprocessingml/2006/main" xmlns:w14="http://schemas.microsoft.com/office/word/2010/wordml" xmlns:w15="http://schemas.microsoft.com/office/word/2012/wordml" xmlns:wpg="http://schemas.microsoft.com/office/word/2010/wordprocessingGroup" xmlns:wpi="http://schemas.microsoft.com/office/word/2010/wordprocessingInk" xmlns:wne="http://schemas.microsoft.com/office/word/2006/wordml" xmlns:wps="http://schemas.microsoft.com/office/word/2010/wordprocessingShape" mc:Ignorable="w14 w15 wp14"><w:p w:rsidR="00EA1DC6" w:rsidRDefault="00065FD1"><w:pPr><w:pStyle w:val="Footer"/><w:rPr><w:cs w:val="0"/></w:rPr></w:pPr><w:r><w:rPr><w:cs w:val="0"/><w:lang w:val="he-IL"/></w:rPr><w:t xml:space="preserve">עמוד </w:t></w:r><w:r><w:fldChar w:fldCharType="begin"/></w:r><w:r><w:rPr><w:cs w:val="0"/></w:rPr><w:instrText>PAGE</w:instrText></w:r><w:r><w:fldChar w:fldCharType="separate"/></w:r><w:r w:rsidR="006F6D57"><w:rPr><w:noProof/><w:cs w:val="0"/></w:rPr><w:t>2</w:t></w:r><w:r><w:fldChar w:fldCharType="end"/></w:r></w:p></w:ftr>